<Level>
    <LevelNumber>5</LevelNumber>
	<RabbitCount>1</RabbitCount>
	
    <Mushroom>
        <Coordinate1>0,1</Coordinate1>
    </Mushroom>
    
    <Mushroom>
        <Coordinate1>0,2</Coordinate1>
    </Mushroom>
    
    <Mushroom>
        <Coordinate1>2,4</Coordinate1>
    </Mushroom>
    
    <Rabbit>
        <Coordinate1>3,4</Coordinate1>
        <Color>Gray</Color>
    </Rabbit>
    
    <Fox>
        <Coordinate1>1,0</Coordinate1>
        <Coordinate2>1,1</Coordinate2>
        <Movement>Vertical</Movement>
    </Fox>  
</Level>