<Level>
    <LevelNumber>7</LevelNumber>
	<RabbitCount>1</RabbitCount>
	
    <Mushroom>
        <Coordinate1>0,1</Coordinate1>
    </Mushroom>
    
    <Mushroom>
        <Coordinate1>0,2</Coordinate1>
    </Mushroom>
    
    <Mushroom>
        <Coordinate1>2,3</Coordinate1>
    </Mushroom>
    
    <Rabbit>
        <Coordinate1>1,0</Coordinate1>
        <Color>White</Color>
    </Rabbit>
    
    <Fox>
        <Coordinate1>1,3</Coordinate1>
        <Coordinate2>1,4</Coordinate2>
        <Movement>Vertical</Movement>
    </Fox>
</Level>