<Level>
    <LevelNumber>4</LevelNumber>
	<RabbitCount>3</RabbitCount>
	
    <Mushroom>
        <Coordinate1>4,1</Coordinate1>
    </Mushroom>
    
    <Mushroom>
        <Coordinate1>1,2</Coordinate1>
    </Mushroom>
    
    <Mushroom>
        <Coordinate1>3,2</Coordinate1>
    </Mushroom>
    
    <Rabbit>
        <Coordinate1>0,2</Coordinate1>
        <Color>Gray</Color>
    </Rabbit>
    
    <Rabbit>
        <Coordinate1>2,2</Coordinate1>
        <Color>White</Color>
    </Rabbit>
    
    <Rabbit>
        <Coordinate1>4,2</Coordinate1>
        <Color>Brown</Color>
    </Rabbit>

</Level>